"Reference","Qty","Value","DNP","Exclude from BOM","Exclude from Board","Footprint","Datasheet"
"C1,C3,C4,C6,C7,C8,C9,C10,C11,C17,C18","11","100nF","","","","Capacitor_SMD:C_0603_1608Metric",""
"C5,C12,C15,C16","4","1 µF","","","","Capacitor_SMD:C_0603_1608Metric",""
"C13,C14","2","15p","","","","Capacitor_SMD:C_0603_1608Metric",""
"D1","1","LED","","","","LED_SMD:LED_0805_2012Metric",""
"J1","1","USB_C_Receptacle_USB2.0_16P","","","","Connector_USB:USB_C_Receptacle_GCT_USB4105-xx-A_16P_TopMnt_Horizontal","https://www.usb.org/sites/default/files/documents/usb_type-c.zip"
"J2","1","Conn_01x16_Pin","","","","Connector_PinHeader_2.54mm:PinHeader_1x16_P2.54mm_Vertical",""
"R1,R2,R6","3","1k","","","","Resistor_SMD:R_0603_1608Metric",""
"R3","1","10k","","","","Resistor_SMD:R_0603_1608Metric",""
"R4,R5","2","5.1k","","","","Resistor_SMD:R_0603_1608Metric",""
"SW1","1","Boot_SEL","","","","Button_Switch_THT:SW_PUSH_6mm",""
"SW2","1","RUN","","","","Button_Switch_THT:SW_PUSH_6mm",""
"U1","1","RP2040","","","","Package_DFN_QFN:QFN-56-1EP_7x7mm_P0.4mm_EP3.2x3.2mm","https://datasheets.raspberrypi.com/rp2040/rp2040-datasheet.pdf"
"U2","1","SN74LVC245APW","","","","Package_SO:TSSOP-20_4.4x6.5mm_P0.65mm","https://www.ti.com/lit/ds/scas218x/scas218x.pdf"
"U3","1","USBLC6-2SC6","","","","Package_TO_SOT_SMD:SOT-23-6","https://www.st.com/resource/en/datasheet/usblc6-2.pdf"
"U4","1","W25Q16JVSS","","","","Package_SO:SOIC-8_5.3x5.3mm_P1.27mm","https://www.winbond.com/hq/support/documentation/levelOne.jsp?__locale=en&DocNo=DA00-W25Q16JV.1"
"U5","1","AMS1117-3.3","","","","Package_TO_SOT_SMD:SOT-223-3_TabPin2","http://www.advanced-monolithic.com/pdf/ds1117.pdf"
"Y1","1","Crystal_GND24","","","","Crystal:Crystal_SMD_3225-4Pin_3.2x2.5mm",""
